Type,SKU,Name,Published,Is featured?,Visibility in catalog,Short description,Description,Tax status,In stock?,Stock,Backorders allowed?,Sold individually,Regular price,Categories,Tags,Images,Parent,Attribute 1 name,Attribute 1 value(s),Attribute 1 visible,Attribute 1 global,Attribute 2 name,Attribute 2 value(s),Attribute 2 visible,Attribute 2 global
variable,FS-GLOW,GLOW,1,1,visible,"Peptide Blend · Studied in regenerative & skin research · 99.3% purity (HPLC), third-party tested. Lyophilized powder. For Research Purposes Only. Not for human use.","A multi-peptide blend of compounds studied in regenerative and tissue-repair research — investigated in laboratory models for angiogenesis, extracellular-matrix remodeling, and skin and collagen research. Supplied as lyophilized powder for qualified in-vitro laboratory research. Each batch is assayed by an independent third-party laboratory for identity and purity and ships with a batch-specific Certificate of Analysis. For Research Purposes Only. Not for human use.",taxable,1,,0,0,,Dermal Research,research-use-only,https://cortesmayne8.github.io/Futuristic-Science-LLC/assets-min/vial-glow-70mg.png,,Strength,70mg,1,1,Format,Single Vial | Box of 10 Vials,1,1
variation,FS-GLOW-70mg-V,GLOW 70mg — Single Vial,1,,visible,,,taxable,1,,0,0,65,,,,FS-GLOW,Strength,70mg,1,1,Format,Single Vial,1,1
variation,FS-GLOW-70mg-B,GLOW 70mg — Box of 10 Vials,1,,visible,,,taxable,1,,0,0,360,,,,FS-GLOW,Strength,70mg,1,1,Format,Box of 10 Vials,1,1
variable,FS-RETATRUTIDE,RETA-3,1,1,visible,"Triple Receptor Peptide · Studied in metabolic & glucose research · 99.2% purity (HPLC), third-party tested. Lyophilized powder. For Research Purposes Only. Not for human use.","A triple-receptor peptide studied in metabolic research for its activity at the GLP-1, GIP, and glucagon receptors, and investigated in laboratory models of energy metabolism and glucose regulation. Supplied as lyophilized powder for qualified in-vitro laboratory research. Each batch is assayed by an independent third-party laboratory for identity and purity and ships with a batch-specific Certificate of Analysis. For Research Purposes Only. Not for human use.",taxable,1,,0,0,,Metabolic Research,research-use-only,https://cortesmayne8.github.io/Futuristic-Science-LLC/assets-min/vial-reta-3.png,,Strength,10mg | 20mg | 30mg,1,1,Format,Single Vial | Box of 10 Vials,1,1
variation,FS-RETATRUTIDE-10mg-V,RETA-3 10mg — Single Vial,1,,visible,,,taxable,1,,0,0,50,,,,FS-RETATRUTIDE,Strength,10mg,1,1,Format,Single Vial,1,1
variation,FS-RETATRUTIDE-10mg-B,RETA-3 10mg — Box of 10 Vials,1,,visible,,,taxable,1,,0,0,225,,,,FS-RETATRUTIDE,Strength,10mg,1,1,Format,Box of 10 Vials,1,1
variation,FS-RETATRUTIDE-20mg-V,RETA-3 20mg — Single Vial,1,,visible,,,taxable,1,,0,0,75,,,,FS-RETATRUTIDE,Strength,20mg,1,1,Format,Single Vial,1,1
variation,FS-RETATRUTIDE-20mg-B,RETA-3 20mg — Box of 10 Vials,1,,visible,,,taxable,1,,0,0,360,,,,FS-RETATRUTIDE,Strength,20mg,1,1,Format,Box of 10 Vials,1,1
variation,FS-RETATRUTIDE-30mg-V,RETA-3 30mg — Single Vial,1,,visible,,,taxable,1,,0,0,100,,,,FS-RETATRUTIDE,Strength,30mg,1,1,Format,Single Vial,1,1
variation,FS-RETATRUTIDE-30mg-B,RETA-3 30mg — Box of 10 Vials,1,,visible,,,taxable,1,,0,0,440,,,,FS-RETATRUTIDE,Strength,30mg,1,1,Format,Box of 10 Vials,1,1
variable,FS-TIRZEPATIDE,TIRZ-2,1,1,visible,"Dual Receptor Peptide · Studied in metabolic & glucose research · 99.1% purity (HPLC), third-party tested. Lyophilized powder. For Research Purposes Only. Not for human use.","A dual-receptor peptide studied in metabolic research for combined GIP and GLP-1 receptor agonism, investigated in laboratory models of glucose regulation and energy balance. Supplied as lyophilized powder for qualified in-vitro laboratory research. Each batch is assayed by an independent third-party laboratory for identity and purity and ships with a batch-specific Certificate of Analysis. For Research Purposes Only. Not for human use.",taxable,1,,0,0,,Metabolic Research,research-use-only,https://cortesmayne8.github.io/Futuristic-Science-LLC/assets-min/vial-tirz-2.png,,Strength,10mg | 20mg | 30mg,1,1,Format,Single Vial | Box of 10 Vials,1,1
variation,FS-TIRZEPATIDE-10mg-V,TIRZ-2 10mg — Single Vial,1,,visible,,,taxable,1,,0,0,55,,,,FS-TIRZEPATIDE,Strength,10mg,1,1,Format,Single Vial,1,1
variation,FS-TIRZEPATIDE-10mg-B,TIRZ-2 10mg — Box of 10 Vials,1,,visible,,,taxable,1,,0,0,325,,,,FS-TIRZEPATIDE,Strength,10mg,1,1,Format,Box of 10 Vials,1,1
variation,FS-TIRZEPATIDE-20mg-V,TIRZ-2 20mg — Single Vial,1,,visible,,,taxable,1,,0,0,75,,,,FS-TIRZEPATIDE,Strength,20mg,1,1,Format,Single Vial,1,1
variation,FS-TIRZEPATIDE-20mg-B,TIRZ-2 20mg — Box of 10 Vials,1,,visible,,,taxable,1,,0,0,400,,,,FS-TIRZEPATIDE,Strength,20mg,1,1,Format,Box of 10 Vials,1,1
variation,FS-TIRZEPATIDE-30mg-V,TIRZ-2 30mg — Single Vial,1,,visible,,,taxable,1,,0,0,100,,,,FS-TIRZEPATIDE,Strength,30mg,1,1,Format,Single Vial,1,1
variation,FS-TIRZEPATIDE-30mg-B,TIRZ-2 30mg — Box of 10 Vials,1,,visible,,,taxable,1,,0,0,425,,,,FS-TIRZEPATIDE,Strength,30mg,1,1,Format,Box of 10 Vials,1,1
variable,FS-GHK-CU,GHK-Cu,1,1,visible,"Copper Tripeptide · Studied in skin, collagen & repair research · 99.4% purity (HPLC), third-party tested. Lyophilized powder. For Research Purposes Only. Not for human use.","A copper-binding tripeptide studied in dermal and regenerative research for its roles in collagen synthesis, skin and extracellular-matrix remodeling, and wound-healing gene-expression models. Supplied as lyophilized powder for qualified in-vitro laboratory research. Each batch is assayed by an independent third-party laboratory for identity and purity and ships with a batch-specific Certificate of Analysis. For Research Purposes Only. Not for human use.",taxable,1,,0,0,,Dermal Research,research-use-only,https://cortesmayne8.github.io/Futuristic-Science-LLC/assets-min/vial-ghk-cu.png,,Strength,50mg | 100mg,1,1,Format,Single Vial | Box of 10 Vials,1,1
variation,FS-GHK-CU-50mg-V,GHK-Cu 50mg — Single Vial,1,,visible,,,taxable,1,,0,0,30,,,,FS-GHK-CU,Strength,50mg,1,1,Format,Single Vial,1,1
variation,FS-GHK-CU-50mg-B,GHK-Cu 50mg — Box of 10 Vials,1,,visible,,,taxable,1,,0,0,115,,,,FS-GHK-CU,Strength,50mg,1,1,Format,Box of 10 Vials,1,1
variation,FS-GHK-CU-100mg-V,GHK-Cu 100mg — Single Vial,1,,visible,,,taxable,1,,0,0,45,,,,FS-GHK-CU,Strength,100mg,1,1,Format,Single Vial,1,1
variation,FS-GHK-CU-100mg-B,GHK-Cu 100mg — Box of 10 Vials,1,,visible,,,taxable,1,,0,0,140,,,,FS-GHK-CU,Strength,100mg,1,1,Format,Box of 10 Vials,1,1
variable,FS-BPC-157,BPC-157,1,1,visible,"Body Protection Compound · Studied in tissue-repair research · 99.1% purity (HPLC), third-party tested. Lyophilized powder. For Research Purposes Only. Not for human use.","A synthetic peptide studied in tissue-repair research — investigated in laboratory models for angiogenesis, tendon, ligament and muscle healing, and gastrointestinal-lining research. Supplied as lyophilized powder for qualified in-vitro laboratory research. Each batch is assayed by an independent third-party laboratory for identity and purity and ships with a batch-specific Certificate of Analysis. For Research Purposes Only. Not for human use.",taxable,1,,0,0,,Tissue Repair Research,research-use-only,https://cortesmayne8.github.io/Futuristic-Science-LLC/assets-min/vial-bpc-157.png,,Strength,5mg | 10mg,1,1,Format,Single Vial | Box of 10 Vials,1,1
variation,FS-BPC-157-5mg-V,BPC-157 5mg — Single Vial,1,,visible,,,taxable,1,,0,0,20,,,,FS-BPC-157,Strength,5mg,1,1,Format,Single Vial,1,1
variation,FS-BPC-157-5mg-B,BPC-157 5mg — Box of 10 Vials,1,,visible,,,taxable,1,,0,0,120,,,,FS-BPC-157,Strength,5mg,1,1,Format,Box of 10 Vials,1,1
variation,FS-BPC-157-10mg-V,BPC-157 10mg — Single Vial,1,,visible,,,taxable,1,,0,0,40,,,,FS-BPC-157,Strength,10mg,1,1,Format,Single Vial,1,1
variation,FS-BPC-157-10mg-B,BPC-157 10mg — Box of 10 Vials,1,,visible,,,taxable,1,,0,0,205,,,,FS-BPC-157,Strength,10mg,1,1,Format,Box of 10 Vials,1,1
variable,FS-TB-500,TB-500,1,0,visible,"Thymosin Beta-4 Fragment · Studied in tissue-repair & angiogenesis research · 99.6% purity (HPLC), third-party tested. Lyophilized powder. For Research Purposes Only. Not for human use.","A synthetic fragment of thymosin beta-4 studied in tissue-repair research for actin regulation, cell migration, angiogenesis, and soft-tissue healing models. Supplied as lyophilized powder for qualified in-vitro laboratory research. Each batch is assayed by an independent third-party laboratory for identity and purity and ships with a batch-specific Certificate of Analysis. For Research Purposes Only. Not for human use.",taxable,1,,0,0,,Tissue Repair Research,research-use-only,https://cortesmayne8.github.io/Futuristic-Science-LLC/assets-min/vial-tb-500.png,,Strength,5mg | 10mg,1,1,Format,Single Vial | Box of 10 Vials,1,1
variation,FS-TB-500-5mg-V,TB-500 5mg — Single Vial,1,,visible,,,taxable,1,,0,0,27,,,,FS-TB-500,Strength,5mg,1,1,Format,Single Vial,1,1
variation,FS-TB-500-5mg-B,TB-500 5mg — Box of 10 Vials,1,,visible,,,taxable,1,,0,0,250,,,,FS-TB-500,Strength,5mg,1,1,Format,Box of 10 Vials,1,1
variation,FS-TB-500-10mg-V,TB-500 10mg — Single Vial,1,,visible,,,taxable,1,,0,0,40,,,,FS-TB-500,Strength,10mg,1,1,Format,Single Vial,1,1
variation,FS-TB-500-10mg-B,TB-500 10mg — Box of 10 Vials,1,,visible,,,taxable,1,,0,0,290,,,,FS-TB-500,Strength,10mg,1,1,Format,Box of 10 Vials,1,1
variable,FS-MOTS-C,MOTS-c,1,0,visible,"Mitochondrial Peptide · Studied in mitochondrial & metabolic research · 99.3% purity (HPLC), third-party tested. Lyophilized powder. For Research Purposes Only. Not for human use.","A mitochondrial-derived peptide studied in cellular research for mitochondrial function, metabolic homeostasis, and cellular stress-response models. Supplied as lyophilized powder for qualified in-vitro laboratory research. Each batch is assayed by an independent third-party laboratory for identity and purity and ships with a batch-specific Certificate of Analysis. For Research Purposes Only. Not for human use.",taxable,1,,0,0,,Cellular Research,research-use-only,https://cortesmayne8.github.io/Futuristic-Science-LLC/assets-min/vial-mots-c.png,,Strength,10mg | 20mg,1,1,Format,Single Vial | Box of 10 Vials,1,1
variation,FS-MOTS-C-10mg-V,MOTS-c 10mg — Single Vial,1,,visible,,,taxable,1,,0,0,45,,,,FS-MOTS-C,Strength,10mg,1,1,Format,Single Vial,1,1
variation,FS-MOTS-C-10mg-B,MOTS-c 10mg — Box of 10 Vials,1,,visible,,,taxable,1,,0,0,200,,,,FS-MOTS-C,Strength,10mg,1,1,Format,Box of 10 Vials,1,1
variation,FS-MOTS-C-20mg-V,MOTS-c 20mg — Single Vial,1,,visible,,,taxable,1,,0,0,55,,,,FS-MOTS-C,Strength,20mg,1,1,Format,Single Vial,1,1
variation,FS-MOTS-C-20mg-B,MOTS-c 20mg — Box of 10 Vials,1,,visible,,,taxable,1,,0,0,340,,,,FS-MOTS-C,Strength,20mg,1,1,Format,Box of 10 Vials,1,1
variable,FS-SELANK,Selank,1,0,visible,"Heptapeptide · Studied in behavioral & neuro research · 99.2% purity (HPLC), third-party tested. Lyophilized powder. For Research Purposes Only. Not for human use.",A synthetic heptapeptide studied in neuroscience research — investigated in laboratory models for stress-response behavior and modulation of GABAergic and BDNF signaling. Supplied as lyophilized powder for qualified in-vitro laboratory research. Each batch is assayed by an independent third-party laboratory for identity and purity and ships with a batch-specific Certificate of Analysis. For Research Purposes Only. Not for human use.,taxable,1,,0,0,,Neuro Research,research-use-only,https://cortesmayne8.github.io/Futuristic-Science-LLC/assets-min/vial-selank.png,,Strength,5mg | 10mg,1,1,Format,Single Vial | Box of 10 Vials,1,1
variation,FS-SELANK-5mg-V,Selank 5mg — Single Vial,1,,visible,,,taxable,1,,0,0,25,,,,FS-SELANK,Strength,5mg,1,1,Format,Single Vial,1,1
variation,FS-SELANK-5mg-B,Selank 5mg — Box of 10 Vials,1,,visible,,,taxable,1,,0,0,,,,,FS-SELANK,Strength,5mg,1,1,Format,Box of 10 Vials,1,1
variation,FS-SELANK-10mg-V,Selank 10mg — Single Vial,1,,visible,,,taxable,1,,0,0,40,,,,FS-SELANK,Strength,10mg,1,1,Format,Single Vial,1,1
variation,FS-SELANK-10mg-B,Selank 10mg — Box of 10 Vials,1,,visible,,,taxable,1,,0,0,195,,,,FS-SELANK,Strength,10mg,1,1,Format,Box of 10 Vials,1,1
variable,FS-SEMAX,Semax,1,0,visible,"Heptapeptide · Studied in neuroprotection & cognition research · 99.2% purity (HPLC), third-party tested. Lyophilized powder. For Research Purposes Only. Not for human use.","A synthetic heptapeptide studied in neuroscience research for neuroprotection, BDNF expression, and cognition- and memory-related laboratory models. Supplied as lyophilized powder for qualified in-vitro laboratory research. Each batch is assayed by an independent third-party laboratory for identity and purity and ships with a batch-specific Certificate of Analysis. For Research Purposes Only. Not for human use.",taxable,1,,0,0,,Neuro Research,research-use-only,https://cortesmayne8.github.io/Futuristic-Science-LLC/assets-min/vial-semax.png,,Strength,5mg | 10mg,1,1,Format,Single Vial | Box of 10 Vials,1,1
variation,FS-SEMAX-5mg-V,Semax 5mg — Single Vial,1,,visible,,,taxable,1,,0,0,30,,,,FS-SEMAX,Strength,5mg,1,1,Format,Single Vial,1,1
variation,FS-SEMAX-5mg-B,Semax 5mg — Box of 10 Vials,1,,visible,,,taxable,1,,0,0,,,,,FS-SEMAX,Strength,5mg,1,1,Format,Box of 10 Vials,1,1
variation,FS-SEMAX-10mg-V,Semax 10mg — Single Vial,1,,visible,,,taxable,1,,0,0,40,,,,FS-SEMAX,Strength,10mg,1,1,Format,Single Vial,1,1
variation,FS-SEMAX-10mg-B,Semax 10mg — Box of 10 Vials,1,,visible,,,taxable,1,,0,0,300,,,,FS-SEMAX,Strength,10mg,1,1,Format,Box of 10 Vials,1,1
variable,FS-NAD-PLUS,NAD+,1,0,visible,"Coenzyme · Studied in cellular-energy & aging research · 99.0% purity (HPLC), third-party tested. Lyophilized powder. For Research Purposes Only. Not for human use.","A coenzyme central to cellular energy metabolism, studied in cellular and circadian research for redox balance, sirtuin activity, and models of mitochondrial function and aging. Supplied as lyophilized powder for qualified in-vitro laboratory research. Each batch is assayed by an independent third-party laboratory for identity and purity and ships with a batch-specific Certificate of Analysis. For Research Purposes Only. Not for human use.",taxable,1,,0,0,,Circadian Research,research-use-only,https://cortesmayne8.github.io/Futuristic-Science-LLC/assets-min/vial-nad-plus.png,,Strength,100mg | 500mg | 1000mg,1,1,Format,Single Vial | Box of 10 Vials,1,1
variation,FS-NAD-PLUS-100mg-V,NAD+ 100mg — Single Vial,1,,visible,,,taxable,1,,0,0,35,,,,FS-NAD-PLUS,Strength,100mg,1,1,Format,Single Vial,1,1
variation,FS-NAD-PLUS-100mg-B,NAD+ 100mg — Box of 10 Vials,1,,visible,,,taxable,1,,0,0,,,,,FS-NAD-PLUS,Strength,100mg,1,1,Format,Box of 10 Vials,1,1
variation,FS-NAD-PLUS-500mg-V,NAD+ 500mg — Single Vial,1,,visible,,,taxable,1,,0,0,45,,,,FS-NAD-PLUS,Strength,500mg,1,1,Format,Single Vial,1,1
variation,FS-NAD-PLUS-500mg-B,NAD+ 500mg — Box of 10 Vials,1,,visible,,,taxable,1,,0,0,,,,,FS-NAD-PLUS,Strength,500mg,1,1,Format,Box of 10 Vials,1,1
variation,FS-NAD-PLUS-1000mg-V,NAD+ 1000mg — Single Vial,1,,visible,,,taxable,1,,0,0,75,,,,FS-NAD-PLUS,Strength,1000mg,1,1,Format,Single Vial,1,1
variation,FS-NAD-PLUS-1000mg-B,NAD+ 1000mg — Box of 10 Vials,1,,visible,,,taxable,1,,0,0,575,,,,FS-NAD-PLUS,Strength,1000mg,1,1,Format,Box of 10 Vials,1,1
variable,FS-TESAMORELIN,Tesamorelin,1,0,visible,"GHRH Analog · Studied in GH-axis endocrine research · 99.0% purity (HPLC), third-party tested. Lyophilized powder. For Research Purposes Only. Not for human use.",A growth-hormone-releasing-hormone (GHRH) analog studied in endocrine research for GHRH-receptor activity and regulation of the growth-hormone axis in laboratory models. Supplied as lyophilized powder for qualified in-vitro laboratory research. Each batch is assayed by an independent third-party laboratory for identity and purity and ships with a batch-specific Certificate of Analysis. For Research Purposes Only. Not for human use.,taxable,1,,0,0,,Secretagogue Research,research-use-only,https://cortesmayne8.github.io/Futuristic-Science-LLC/assets-min/vial-tesamorelin.png,,Strength,5mg | 10mg,1,1,Format,Single Vial | Box of 10 Vials,1,1
variation,FS-TESAMORELIN-5mg-V,Tesamorelin 5mg — Single Vial,1,,visible,,,taxable,1,,0,0,45,,,,FS-TESAMORELIN,Strength,5mg,1,1,Format,Single Vial,1,1
variation,FS-TESAMORELIN-5mg-B,Tesamorelin 5mg — Box of 10 Vials,1,,visible,,,taxable,1,,0,0,300,,,,FS-TESAMORELIN,Strength,5mg,1,1,Format,Box of 10 Vials,1,1
variation,FS-TESAMORELIN-10mg-V,Tesamorelin 10mg — Single Vial,1,,visible,,,taxable,1,,0,0,65,,,,FS-TESAMORELIN,Strength,10mg,1,1,Format,Single Vial,1,1
variation,FS-TESAMORELIN-10mg-B,Tesamorelin 10mg — Box of 10 Vials,1,,visible,,,taxable,1,,0,0,375,,,,FS-TESAMORELIN,Strength,10mg,1,1,Format,Box of 10 Vials,1,1
variable,FS-KLOW,KLOW,1,0,visible,"Peptide Blend · Studied in tissue-repair research · 99.0% purity (HPLC), third-party tested. Lyophilized powder. For Research Purposes Only. Not for human use.","A multi-peptide blend of compounds studied in tissue-repair and anti-inflammatory research, investigated together in laboratory models of soft-tissue healing and cellular protection. Supplied as lyophilized powder for qualified in-vitro laboratory research. Each batch is assayed by an independent third-party laboratory for identity and purity and ships with a batch-specific Certificate of Analysis. For Research Purposes Only. Not for human use.",taxable,1,,0,0,,Tissue Repair Research,research-use-only,https://cortesmayne8.github.io/Futuristic-Science-LLC/assets-min/vial-klow.png,,Strength,80mg,1,1,Format,Single Vial | Box of 10 Vials,1,1
variation,FS-KLOW-80mg-V,KLOW 80mg — Single Vial,1,,visible,,,taxable,1,,0,0,75,,,,FS-KLOW,Strength,80mg,1,1,Format,Single Vial,1,1
variation,FS-KLOW-80mg-B,KLOW 80mg — Box of 10 Vials,1,,visible,,,taxable,1,,0,0,385,,,,FS-KLOW,Strength,80mg,1,1,Format,Box of 10 Vials,1,1
variable,FS-SURVODUTIDE,Survodutide,1,0,visible,"Dual Receptor Peptide · Studied in metabolic & glucose research · 99.1% purity (HPLC), third-party tested. Lyophilized powder. For Research Purposes Only. Not for human use.","A dual-receptor peptide studied in metabolic research for combined GLP-1 and glucagon receptor agonism, investigated in laboratory models of energy metabolism and glucose regulation. Supplied as lyophilized powder for qualified in-vitro laboratory research. Each batch is assayed by an independent third-party laboratory for identity and purity and ships with a batch-specific Certificate of Analysis. For Research Purposes Only. Not for human use.",taxable,1,,0,0,,Metabolic Research,research-use-only,https://cortesmayne8.github.io/Futuristic-Science-LLC/assets-min/vial-survodutide.png,,Strength,10mg,1,1,Format,Single Vial | Box of 10 Vials,1,1
variation,FS-SURVODUTIDE-10mg-V,Survodutide 10mg — Single Vial,1,,visible,,,taxable,1,,0,0,60,,,,FS-SURVODUTIDE,Strength,10mg,1,1,Format,Single Vial,1,1
variation,FS-SURVODUTIDE-10mg-B,Survodutide 10mg — Box of 10 Vials,1,,visible,,,taxable,1,,0,0,360,,,,FS-SURVODUTIDE,Strength,10mg,1,1,Format,Box of 10 Vials,1,1
variable,FS-AOD-9604,AOD-9604,1,0,visible,"hGH Fragment · Studied in lipid-metabolism research · 99.2% purity (HPLC), third-party tested. Lyophilized powder. For Research Purposes Only. Not for human use.",A fragment of human growth hormone (176-191) studied in metabolic research for lipid- and fat-metabolism laboratory models. Supplied as lyophilized powder for qualified in-vitro laboratory research. Each batch is assayed by an independent third-party laboratory for identity and purity and ships with a batch-specific Certificate of Analysis. For Research Purposes Only. Not for human use.,taxable,1,,0,0,,Metabolic Research,research-use-only,https://cortesmayne8.github.io/Futuristic-Science-LLC/assets-min/vial-aod-9604.png,,Strength,10mg,1,1,Format,Single Vial | Box of 10 Vials,1,1
variation,FS-AOD-9604-10mg-V,AOD-9604 10mg — Single Vial,1,,visible,,,taxable,1,,0,0,45,,,,FS-AOD-9604,Strength,10mg,1,1,Format,Single Vial,1,1
variation,FS-AOD-9604-10mg-B,AOD-9604 10mg — Box of 10 Vials,1,,visible,,,taxable,1,,0,0,250,,,,FS-AOD-9604,Strength,10mg,1,1,Format,Box of 10 Vials,1,1
variable,FS-LIPO-C,LIPO-C,1,0,visible,"Lipotropic Blend · Studied in lipid-metabolism research · 99.0% purity (HPLC), third-party tested. Lyophilized powder. For Research Purposes Only. Not for human use.",A lipotropic research blend studied in metabolic research for lipid metabolism and fat-transport laboratory models. Supplied in solution for qualified in-vitro laboratory research. Each batch is assayed by an independent third-party laboratory for identity and purity and ships with a batch-specific Certificate of Analysis. For Research Purposes Only. Not for human use.,taxable,1,,0,0,,Metabolic Research,research-use-only,https://cortesmayne8.github.io/Futuristic-Science-LLC/assets-min/vial-lipo-c.png,,Strength,10ml,1,1,Format,Single Vial | Box of 10 Vials,1,1
variation,FS-LIPO-C-10ml-V,LIPO-C 10ml — Single Vial,1,,visible,,,taxable,1,,0,0,40,,,,FS-LIPO-C,Strength,10ml,1,1,Format,Single Vial,1,1
variation,FS-LIPO-C-10ml-B,LIPO-C 10ml — Box of 10 Vials,1,,visible,,,taxable,1,,0,0,280,,,,FS-LIPO-C,Strength,10ml,1,1,Format,Box of 10 Vials,1,1
variable,FS-L-CARNITINE,L-Carnitine,1,0,visible,"Amino Acid Derivative · Studied in energy-metabolism research · 99.0% purity (HPLC), third-party tested. Lyophilized powder. For Research Purposes Only. Not for human use.",An amino-acid derivative studied in metabolic research for fatty-acid transport into mitochondria and cellular energy-metabolism models. Supplied in solution for qualified in-vitro laboratory research. Each batch is assayed by an independent third-party laboratory for identity and purity and ships with a batch-specific Certificate of Analysis. For Research Purposes Only. Not for human use.,taxable,1,,0,0,,Metabolic Research,research-use-only,https://cortesmayne8.github.io/Futuristic-Science-LLC/assets-min/vial-l-carnitine.png,,Strength,10ml,1,1,Format,Single Vial | Box of 10 Vials,1,1
variation,FS-L-CARNITINE-10ml-V,L-Carnitine 10ml — Single Vial,1,,visible,,,taxable,1,,0,0,30,,,,FS-L-CARNITINE,Strength,10ml,1,1,Format,Single Vial,1,1
variation,FS-L-CARNITINE-10ml-B,L-Carnitine 10ml — Box of 10 Vials,1,,visible,,,taxable,1,,0,0,180,,,,FS-L-CARNITINE,Strength,10ml,1,1,Format,Box of 10 Vials,1,1
variable,FS-IPAMORELIN,Ipamorelin,1,0,visible,"Growth Hormone Secretagogue · Studied in GH-secretagogue research · 99.3% purity (HPLC), third-party tested. Lyophilized powder. For Research Purposes Only. Not for human use.",A selective growth-hormone secretagogue studied in endocrine research for ghrelin-receptor activity and growth-hormone-release laboratory models. Supplied as lyophilized powder for qualified in-vitro laboratory research. Each batch is assayed by an independent third-party laboratory for identity and purity and ships with a batch-specific Certificate of Analysis. For Research Purposes Only. Not for human use.,taxable,1,,0,0,,Secretagogue Research,research-use-only,https://cortesmayne8.github.io/Futuristic-Science-LLC/assets-min/vial-ipamorelin.png,,Strength,10mg,1,1,Format,Single Vial | Box of 10 Vials,1,1
variation,FS-IPAMORELIN-10mg-V,Ipamorelin 10mg — Single Vial,1,,visible,,,taxable,1,,0,0,35,,,,FS-IPAMORELIN,Strength,10mg,1,1,Format,Single Vial,1,1
variation,FS-IPAMORELIN-10mg-B,Ipamorelin 10mg — Box of 10 Vials,1,,visible,,,taxable,1,,0,0,200,,,,FS-IPAMORELIN,Strength,10mg,1,1,Format,Box of 10 Vials,1,1
variable,FS-SERMORELIN,Sermorelin,1,0,visible,"GHRH Analog · Studied in GH-axis endocrine research · 99.1% purity (HPLC), third-party tested. Lyophilized powder. For Research Purposes Only. Not for human use.",A growth-hormone-releasing-hormone (GHRH) analog studied in endocrine research for GHRH-receptor activity and growth-hormone-axis laboratory models. Supplied as lyophilized powder for qualified in-vitro laboratory research. Each batch is assayed by an independent third-party laboratory for identity and purity and ships with a batch-specific Certificate of Analysis. For Research Purposes Only. Not for human use.,taxable,1,,0,0,,Secretagogue Research,research-use-only,https://cortesmayne8.github.io/Futuristic-Science-LLC/assets-min/vial-sermorelin.png,,Strength,10mg,1,1,Format,Single Vial | Box of 10 Vials,1,1
variation,FS-SERMORELIN-10mg-V,Sermorelin 10mg — Single Vial,1,,visible,,,taxable,1,,0,0,35,,,,FS-SERMORELIN,Strength,10mg,1,1,Format,Single Vial,1,1
variation,FS-SERMORELIN-10mg-B,Sermorelin 10mg — Box of 10 Vials,1,,visible,,,taxable,1,,0,0,200,,,,FS-SERMORELIN,Strength,10mg,1,1,Format,Box of 10 Vials,1,1
variable,FS-CJC-1295,CJC-1295 w/o DAC,1,0,visible,"GHRH Analog · Studied in GH-axis endocrine research · 99.2% purity (HPLC), third-party tested. Lyophilized powder. For Research Purposes Only. Not for human use.",A growth-hormone-releasing-hormone (GHRH) analog studied in endocrine research for GHRH-receptor stimulation and growth-hormone-release laboratory models. Supplied as lyophilized powder for qualified in-vitro laboratory research. Each batch is assayed by an independent third-party laboratory for identity and purity and ships with a batch-specific Certificate of Analysis. For Research Purposes Only. Not for human use.,taxable,1,,0,0,,Secretagogue Research,research-use-only,https://cortesmayne8.github.io/Futuristic-Science-LLC/assets-min/vial-cjc-1295.png,,Strength,5mg + 5mg,1,1,Format,Single Vial | Box of 10 Vials,1,1
variation,FS-CJC-1295-5mg + 5mg-V,CJC-1295 w/o DAC 5mg + 5mg — Single Vial,1,,visible,,,taxable,1,,0,0,45,,,,FS-CJC-1295,Strength,5mg + 5mg,1,1,Format,Single Vial,1,1
variation,FS-CJC-1295-5mg + 5mg-B,CJC-1295 w/o DAC 5mg + 5mg — Box of 10 Vials,1,,visible,,,taxable,1,,0,0,250,,,,FS-CJC-1295,Strength,5mg + 5mg,1,1,Format,Box of 10 Vials,1,1
variable,FS-IGF-1LR3,IGF-1LR3,1,0,visible,"Growth Factor Analog · Studied in growth-factor signaling research · 98.8% purity (HPLC), third-party tested. Lyophilized powder. For Research Purposes Only. Not for human use.","A long-acting IGF-1 analog studied in cellular research for IGF-1-receptor signaling, cell growth, and proliferation laboratory models. Supplied as lyophilized powder for qualified in-vitro laboratory research. Each batch is assayed by an independent third-party laboratory for identity and purity and ships with a batch-specific Certificate of Analysis. For Research Purposes Only. Not for human use.",taxable,1,,0,0,,Secretagogue Research,research-use-only,https://cortesmayne8.github.io/Futuristic-Science-LLC/assets-min/vial-igf-1lr3.png,,Strength,.1mg,1,1,Format,Single Vial | Box of 10 Vials,1,1
variation,FS-IGF-1LR3-.1mg-V,IGF-1LR3 .1mg — Single Vial,1,,visible,,,taxable,1,,0,0,55,,,,FS-IGF-1LR3,Strength,.1mg,1,1,Format,Single Vial,1,1
variation,FS-IGF-1LR3-.1mg-B,IGF-1LR3 .1mg — Box of 10 Vials,1,,visible,,,taxable,1,,0,0,360,,,,FS-IGF-1LR3,Strength,.1mg,1,1,Format,Box of 10 Vials,1,1
variable,FS-KISSPEPTIN-10,KissPeptin-10,1,0,visible,"Decapeptide · Studied in reproductive-endocrine research · 99.0% purity (HPLC), third-party tested. Lyophilized powder. For Research Purposes Only. Not for human use.",A decapeptide studied in reproductive-endocrine research for kisspeptin/GPR54 signaling and regulation of the hypothalamic-pituitary-gonadal axis in laboratory models. Supplied as lyophilized powder for qualified in-vitro laboratory research. Each batch is assayed by an independent third-party laboratory for identity and purity and ships with a batch-specific Certificate of Analysis. For Research Purposes Only. Not for human use.,taxable,1,,0,0,,Secretagogue Research,research-use-only,https://cortesmayne8.github.io/Futuristic-Science-LLC/assets-min/vial-kisspeptin-10.png,,Strength,10mg,1,1,Format,Single Vial | Box of 10 Vials,1,1
variation,FS-KISSPEPTIN-10-10mg-V,KissPeptin-10 10mg — Single Vial,1,,visible,,,taxable,1,,0,0,45,,,,FS-KISSPEPTIN-10,Strength,10mg,1,1,Format,Single Vial,1,1
variation,FS-KISSPEPTIN-10-10mg-B,KissPeptin-10 10mg — Box of 10 Vials,1,,visible,,,taxable,1,,0,0,250,,,,FS-KISSPEPTIN-10,Strength,10mg,1,1,Format,Box of 10 Vials,1,1
variable,FS-EPITHALON,Epithalon,1,0,visible,"Tetrapeptide · Studied in telomere & aging research · 99.2% purity (HPLC), third-party tested. Lyophilized powder. For Research Purposes Only. Not for human use.","A synthetic tetrapeptide studied in cellular research for telomerase activity, pineal and circadian regulation, and cellular-aging laboratory models. Supplied as lyophilized powder for qualified in-vitro laboratory research. Each batch is assayed by an independent third-party laboratory for identity and purity and ships with a batch-specific Certificate of Analysis. For Research Purposes Only. Not for human use.",taxable,1,,0,0,,Cellular Research,research-use-only,https://cortesmayne8.github.io/Futuristic-Science-LLC/assets-min/vial-epithalon.png,,Strength,10mg,1,1,Format,Single Vial | Box of 10 Vials,1,1
variation,FS-EPITHALON-10mg-V,Epithalon 10mg — Single Vial,1,,visible,,,taxable,1,,0,0,40,,,,FS-EPITHALON,Strength,10mg,1,1,Format,Single Vial,1,1
variation,FS-EPITHALON-10mg-B,Epithalon 10mg — Box of 10 Vials,1,,visible,,,taxable,1,,0,0,220,,,,FS-EPITHALON,Strength,10mg,1,1,Format,Box of 10 Vials,1,1
variable,FS-CARTALAX,Cartalax,1,0,visible,"Peptide Bioregulator · Studied in connective-tissue research · 99.0% purity (HPLC), third-party tested. Lyophilized powder. For Research Purposes Only. Not for human use.",A synthetic peptide bioregulator studied in cellular research for connective-tissue and gene-expression laboratory models. Supplied as lyophilized powder for qualified in-vitro laboratory research. Each batch is assayed by an independent third-party laboratory for identity and purity and ships with a batch-specific Certificate of Analysis. For Research Purposes Only. Not for human use.,taxable,1,,0,0,,Cellular Research,research-use-only,https://cortesmayne8.github.io/Futuristic-Science-LLC/assets-min/vial-cartalax.png,,Strength,20mg,1,1,Format,Single Vial | Box of 10 Vials,1,1
variation,FS-CARTALAX-20mg-V,Cartalax 20mg — Single Vial,1,,visible,,,taxable,1,,0,0,45,,,,FS-CARTALAX,Strength,20mg,1,1,Format,Single Vial,1,1
variation,FS-CARTALAX-20mg-B,Cartalax 20mg — Box of 10 Vials,1,,visible,,,taxable,1,,0,0,240,,,,FS-CARTALAX,Strength,20mg,1,1,Format,Box of 10 Vials,1,1
variable,FS-GLUTATHIONE,Glutathione,1,0,visible,"Antioxidant Tripeptide · Studied in antioxidant & redox research · 99.4% purity (HPLC), third-party tested. Lyophilized powder. For Research Purposes Only. Not for human use.","A tripeptide antioxidant studied in cellular research for redox balance, oxidative-stress, and detoxification-pathway laboratory models. Supplied as lyophilized powder for qualified in-vitro laboratory research. Each batch is assayed by an independent third-party laboratory for identity and purity and ships with a batch-specific Certificate of Analysis. For Research Purposes Only. Not for human use.",taxable,1,,0,0,,Cellular Research,research-use-only,https://cortesmayne8.github.io/Futuristic-Science-LLC/assets-min/vial-glutathione.png,,Strength,1500mg,1,1,Format,Single Vial | Box of 10 Vials,1,1
variation,FS-GLUTATHIONE-1500mg-V,Glutathione 1500mg — Single Vial,1,,visible,,,taxable,1,,0,0,50,,,,FS-GLUTATHIONE,Strength,1500mg,1,1,Format,Single Vial,1,1
variation,FS-GLUTATHIONE-1500mg-B,Glutathione 1500mg — Box of 10 Vials,1,,visible,,,taxable,1,,0,0,320,,,,FS-GLUTATHIONE,Strength,1500mg,1,1,Format,Box of 10 Vials,1,1
variable,FS-SS-31,SS-31,1,0,visible,"Mitochondrial Peptide · Studied in mitochondrial-function research · 99.1% purity (HPLC), third-party tested. Lyophilized powder. For Research Purposes Only. Not for human use.",A mitochondria-targeting peptide studied in cellular research for cardiolipin binding and mitochondrial-function laboratory models. Supplied as lyophilized powder for qualified in-vitro laboratory research. Each batch is assayed by an independent third-party laboratory for identity and purity and ships with a batch-specific Certificate of Analysis. For Research Purposes Only. Not for human use.,taxable,1,,0,0,,Cellular Research,research-use-only,https://cortesmayne8.github.io/Futuristic-Science-LLC/assets-min/vial-ss-31.png,,Strength,10mg,1,1,Format,Single Vial | Box of 10 Vials,1,1
variation,FS-SS-31-10mg-V,SS-31 10mg — Single Vial,1,,visible,,,taxable,1,,0,0,55,,,,FS-SS-31,Strength,10mg,1,1,Format,Single Vial,1,1
variation,FS-SS-31-10mg-B,SS-31 10mg — Box of 10 Vials,1,,visible,,,taxable,1,,0,0,340,,,,FS-SS-31,Strength,10mg,1,1,Format,Box of 10 Vials,1,1
variable,FS-KPV,KPV,1,0,visible,"Tripeptide · Studied in anti-inflammatory research · 99.0% purity (HPLC), third-party tested. Lyophilized powder. For Research Purposes Only. Not for human use.",A tripeptide fragment of alpha-MSH studied in immunology and tissue-repair research for anti-inflammatory signaling in laboratory models. Supplied as lyophilized powder for qualified in-vitro laboratory research. Each batch is assayed by an independent third-party laboratory for identity and purity and ships with a batch-specific Certificate of Analysis. For Research Purposes Only. Not for human use.,taxable,1,,0,0,,Tissue Repair Research,research-use-only,https://cortesmayne8.github.io/Futuristic-Science-LLC/assets-min/vial-kpv.png,,Strength,10mg,1,1,Format,Single Vial | Box of 10 Vials,1,1
variation,FS-KPV-10mg-V,KPV 10mg — Single Vial,1,,visible,,,taxable,1,,0,0,35,,,,FS-KPV,Strength,10mg,1,1,Format,Single Vial,1,1
variation,FS-KPV-10mg-B,KPV 10mg — Box of 10 Vials,1,,visible,,,taxable,1,,0,0,190,,,,FS-KPV,Strength,10mg,1,1,Format,Box of 10 Vials,1,1
variable,FS-ARA-290,ARA-290,1,0,visible,"Erythropoietin Derivative · Studied in tissue-protection research · 99.1% purity (HPLC), third-party tested. Lyophilized powder. For Research Purposes Only. Not for human use.",An erythropoietin-derived peptide studied in tissue-protection research for innate-repair-receptor signaling and neuropathic and inflammation laboratory models. Supplied as lyophilized powder for qualified in-vitro laboratory research. Each batch is assayed by an independent third-party laboratory for identity and purity and ships with a batch-specific Certificate of Analysis. For Research Purposes Only. Not for human use.,taxable,1,,0,0,,Tissue Repair Research,research-use-only,https://cortesmayne8.github.io/Futuristic-Science-LLC/assets-min/vial-ara-290.png,,Strength,10mg,1,1,Format,Single Vial | Box of 10 Vials,1,1
variation,FS-ARA-290-10mg-V,ARA-290 10mg — Single Vial,1,,visible,,,taxable,1,,0,0,50,,,,FS-ARA-290,Strength,10mg,1,1,Format,Single Vial,1,1
variation,FS-ARA-290-10mg-B,ARA-290 10mg — Box of 10 Vials,1,,visible,,,taxable,1,,0,0,300,,,,FS-ARA-290,Strength,10mg,1,1,Format,Box of 10 Vials,1,1
variable,FS-WOLVERINE,TB/BPC Wolverine,1,0,visible,"Peptide Blend · Studied in tissue-repair research · 99.0% purity (HPLC), third-party tested. Lyophilized powder. For Research Purposes Only. Not for human use.","A tissue-repair blend combining thymosin beta-4 and BPC-157 fragments, studied in laboratory models for angiogenesis and soft-tissue healing. Supplied as lyophilized powder for qualified in-vitro laboratory research. Each batch is assayed by an independent third-party laboratory for identity and purity and ships with a batch-specific Certificate of Analysis. For Research Purposes Only. Not for human use.",taxable,1,,0,0,,Tissue Repair Research,research-use-only,https://cortesmayne8.github.io/Futuristic-Science-LLC/assets-min/vial-wolverine.png,,Strength,10mg + 10mg,1,1,Format,Single Vial | Box of 10 Vials,1,1
variation,FS-WOLVERINE-10mg + 10mg-V,TB/BPC Wolverine 10mg + 10mg — Single Vial,1,,visible,,,taxable,1,,0,0,70,,,,FS-WOLVERINE,Strength,10mg + 10mg,1,1,Format,Single Vial,1,1
variation,FS-WOLVERINE-10mg + 10mg-B,TB/BPC Wolverine 10mg + 10mg — Box of 10 Vials,1,,visible,,,taxable,1,,0,0,400,,,,FS-WOLVERINE,Strength,10mg + 10mg,1,1,Format,Box of 10 Vials,1,1
variable,FS-AHK-CU,AHK-Cu,1,0,visible,"Copper Tripeptide · Studied in hair & skin research · 99.2% purity (HPLC), third-party tested. Lyophilized powder. For Research Purposes Only. Not for human use.","A copper-binding tripeptide studied in dermal research for hair-follicle and skin models, angiogenesis, and copper-peptide signaling. Supplied as lyophilized powder for qualified in-vitro laboratory research. Each batch is assayed by an independent third-party laboratory for identity and purity and ships with a batch-specific Certificate of Analysis. For Research Purposes Only. Not for human use.",taxable,1,,0,0,,Dermal Research,research-use-only,https://cortesmayne8.github.io/Futuristic-Science-LLC/assets-min/vial-ahk-cu.png,,Strength,100mg,1,1,Format,Single Vial | Box of 10 Vials,1,1
variation,FS-AHK-CU-100mg-V,AHK-Cu 100mg — Single Vial,1,,visible,,,taxable,1,,0,0,40,,,,FS-AHK-CU,Strength,100mg,1,1,Format,Single Vial,1,1
variation,FS-AHK-CU-100mg-B,AHK-Cu 100mg — Box of 10 Vials,1,,visible,,,taxable,1,,0,0,150,,,,FS-AHK-CU,Strength,100mg,1,1,Format,Box of 10 Vials,1,1
variable,FS-MT-2,MT-2,1,0,visible,"Melanocortin Peptide · Studied in melanocortin & pigmentation research · 99.0% purity (HPLC), third-party tested. Lyophilized powder. For Research Purposes Only. Not for human use.",A synthetic melanocortin peptide studied in dermal and endocrine research for melanocortin-receptor activity and melanogenesis (pigmentation) laboratory models. Supplied as lyophilized powder for qualified in-vitro laboratory research. Each batch is assayed by an independent third-party laboratory for identity and purity and ships with a batch-specific Certificate of Analysis. For Research Purposes Only. Not for human use.,taxable,1,,0,0,,Dermal Research,research-use-only,https://cortesmayne8.github.io/Futuristic-Science-LLC/assets-min/vial-mt-2.png,,Strength,10mg,1,1,Format,Single Vial | Box of 10 Vials,1,1
variation,FS-MT-2-10mg-V,MT-2 10mg — Single Vial,1,,visible,,,taxable,1,,0,0,30,,,,FS-MT-2,Strength,10mg,1,1,Format,Single Vial,1,1
variation,FS-MT-2-10mg-B,MT-2 10mg — Box of 10 Vials,1,,visible,,,taxable,1,,0,0,160,,,,FS-MT-2,Strength,10mg,1,1,Format,Box of 10 Vials,1,1
